<?xml version="1.0" encoding="UTF-8" standalone="no"?><configurationDescriptor version="65">
  <logicalFolder displayName="root" name="root" projectFiles="true">
    <logicalFolder displayName="Header Files" name="HeaderFiles" projectFiles="true">
      <logicalFolder displayName="config" name="config" projectFiles="true">
        <logicalFolder displayName="default" name="default" projectFiles="true">
          <logicalFolder displayName="bsp" name="bsp" projectFiles="true">
            <itemPath>../src/config/default/bsp/bsp.h</itemPath>
          </logicalFolder>
          <logicalFolder displayName="driver" name="driver" projectFiles="true">
            <logicalFolder displayName="memory" name="memory" projectFiles="true">
              <itemPath>../src/config/default/driver/memory/drv_memory_nvmctrl.h</itemPath>
              <itemPath>../src/config/default/driver/memory/src/drv_memory_local.h</itemPath>
              <itemPath>../src/config/default/driver/memory/drv_memory.h</itemPath>
              <itemPath>../src/config/default/driver/memory/drv_memory_definitions.h</itemPath>
            </logicalFolder>
            <itemPath>../src/config/default/driver/driver_common.h</itemPath>
            <itemPath>../src/config/default/driver/driver.h</itemPath>
          </logicalFolder>
          <logicalFolder displayName="osal" name="osal" projectFiles="true">
            <itemPath>../src/config/default/osal/osal_impl_basic.h</itemPath>
            <itemPath>../src/config/default/osal/osal.h</itemPath>
            <itemPath>../src/config/default/osal/osal_definitions.h</itemPath>
          </logicalFolder>
          <logicalFolder displayName="peripheral" name="peripheral" projectFiles="true">
            <logicalFolder displayName="clock" name="clock" projectFiles="true">
              <itemPath>../src/config/default/peripheral/clock/plib_clock.h</itemPath>
            </logicalFolder>
            <logicalFolder displayName="cmcc" name="cmcc" projectFiles="true">
              <itemPath>../src/config/default/peripheral/cmcc/plib_cmcc.h</itemPath>
            </logicalFolder>
            <logicalFolder displayName="evsys" name="evsys" projectFiles="true">
              <itemPath>../src/config/default/peripheral/evsys/plib_evsys.h</itemPath>
            </logicalFolder>
            <logicalFolder displayName="mpu" name="mpu" projectFiles="true">
              <itemPath>../src/config/default/peripheral/mpu/plib_mpu.h</itemPath>
              <itemPath>../src/config/default/peripheral/mpu/plib_mpu_local.h</itemPath>
            </logicalFolder>
            <logicalFolder displayName="nvic" name="nvic" projectFiles="true">
              <itemPath>../src/config/default/peripheral/nvic/plib_nvic.h</itemPath>
            </logicalFolder>
            <logicalFolder displayName="nvmctrl" name="nvmctrl" projectFiles="true">
              <itemPath>../src/config/default/peripheral/nvmctrl/plib_nvmctrl.h</itemPath>
            </logicalFolder>
            <logicalFolder displayName="port" name="port" projectFiles="true">
              <itemPath>../src/config/default/peripheral/port/plib_port.h</itemPath>
            </logicalFolder>
            <logicalFolder displayName="sercom" name="sercom" projectFiles="true">
              <logicalFolder displayName="usart" name="usart" projectFiles="true">
                <itemPath>../src/config/default/peripheral/sercom/usart/plib_sercom5_usart.h</itemPath>
                <itemPath>../src/config/default/peripheral/sercom/usart/plib_sercom_usart_common.h</itemPath>
              </logicalFolder>
            </logicalFolder>
          </logicalFolder>
          <logicalFolder displayName="system" name="system" projectFiles="true">
            <logicalFolder displayName="cache" name="cache" projectFiles="true">
              <itemPath>../src/config/default/system/cache/sys_cache.h</itemPath>
            </logicalFolder>
            <logicalFolder displayName="console" name="console" projectFiles="true">
              <itemPath>../src/config/default/system/console/src/sys_console_uart.h</itemPath>
              <itemPath>../src/config/default/system/console/src/sys_console_uart_definitions.h</itemPath>
              <itemPath>../src/config/default/system/console/src/sys_console_local.h</itemPath>
              <itemPath>../src/config/default/system/console/sys_console.h</itemPath>
            </logicalFolder>
            <logicalFolder displayName="debug" name="debug" projectFiles="true">
              <itemPath>../src/config/default/system/debug/sys_debug.h</itemPath>
            </logicalFolder>
            <logicalFolder displayName="fs" name="fs" projectFiles="true">
              <logicalFolder displayName="fat_fs" name="fat_fs" projectFiles="true">
                <logicalFolder displayName="file_system" name="file_system" projectFiles="true">
                  <itemPath>../src/config/default/system/fs/fat_fs/file_system/ffconf.h</itemPath>
                  <itemPath>../src/config/default/system/fs/fat_fs/file_system/ff.h</itemPath>
                </logicalFolder>
                <logicalFolder displayName="hardware_access" name="hardware_access" projectFiles="true">
                  <itemPath>../src/config/default/system/fs/fat_fs/hardware_access/diskio.h</itemPath>
                </logicalFolder>
              </logicalFolder>
              <itemPath>../src/config/default/system/fs/sys_fs_media_manager.h</itemPath>
              <itemPath>../src/config/default/system/fs/sys_fs.h</itemPath>
              <itemPath>../src/config/default/system/fs/src/sys_fs_media_manager_local.h</itemPath>
              <itemPath>../src/config/default/system/fs/sys_fs_fat_interface.h</itemPath>
              <itemPath>../src/config/default/system/fs/src/sys_fs_local.h</itemPath>
            </logicalFolder>
            <logicalFolder displayName="int" name="int" projectFiles="true">
              <itemPath>../src/config/default/system/int/sys_int.h</itemPath>
              <itemPath>../src/config/default/system/int/sys_int_mapping.h</itemPath>
            </logicalFolder>
            <itemPath>../src/config/default/system/system_common.h</itemPath>
            <itemPath>../src/config/default/system/system_media.h</itemPath>
            <itemPath>../src/config/default/system/system_module.h</itemPath>
            <itemPath>../src/config/default/system/system.h</itemPath>
          </logicalFolder>
          <itemPath>../src/config/default/configuration.h</itemPath>
          <itemPath>../src/config/default/user.h</itemPath>
          <itemPath>../src/config/default/interrupts.h</itemPath>
          <itemPath>../src/config/default/device_cache.h</itemPath>
          <itemPath>../src/config/default/toolchain_specifics.h</itemPath>
          <itemPath>../src/config/default/device_vectors.h</itemPath>
          <itemPath>../src/config/default/definitions.h</itemPath>
          <itemPath>../src/config/default/device.h</itemPath>
        </logicalFolder>
      </logicalFolder>
      <logicalFolder displayName="packs" name="packs" projectFiles="true">
        <logicalFolder displayName="ATSAME51J20A_DFP" name="ATSAME51J20A_DFP" projectFiles="true">
          <logicalFolder displayName="component" name="component" projectFiles="true">
            <itemPath>../src/packs/ATSAME51J20A_DFP/component/dmac.h</itemPath>
            <itemPath>../src/packs/ATSAME51J20A_DFP/component/aes.h</itemPath>
            <itemPath>../src/packs/ATSAME51J20A_DFP/component/nvmctrl.h</itemPath>
            <itemPath>../src/packs/ATSAME51J20A_DFP/component/dsu.h</itemPath>
            <itemPath>../src/packs/ATSAME51J20A_DFP/component/port.h</itemPath>
            <itemPath>../src/packs/ATSAME51J20A_DFP/component/sercom.h</itemPath>
            <itemPath>../src/packs/ATSAME51J20A_DFP/component/tcc.h</itemPath>
            <itemPath>../src/packs/ATSAME51J20A_DFP/component/pac.h</itemPath>
            <itemPath>../src/packs/ATSAME51J20A_DFP/component/sdhc.h</itemPath>
            <itemPath>../src/packs/ATSAME51J20A_DFP/component/mclk.h</itemPath>
            <itemPath>../src/packs/ATSAME51J20A_DFP/component/cmcc.h</itemPath>
            <itemPath>../src/packs/ATSAME51J20A_DFP/component/pm.h</itemPath>
            <itemPath>../src/packs/ATSAME51J20A_DFP/component/rtc.h</itemPath>
            <itemPath>../src/packs/ATSAME51J20A_DFP/component/ramecc.h</itemPath>
            <itemPath>../src/packs/ATSAME51J20A_DFP/component/freqm.h</itemPath>
            <itemPath>../src/packs/ATSAME51J20A_DFP/component/dac.h</itemPath>
            <itemPath>../src/packs/ATSAME51J20A_DFP/component/ccl.h</itemPath>
            <itemPath>../src/packs/ATSAME51J20A_DFP/component/gclk.h</itemPath>
            <itemPath>../src/packs/ATSAME51J20A_DFP/component/pukcc.h</itemPath>
            <itemPath>../src/packs/ATSAME51J20A_DFP/component/fuses.h</itemPath>
            <itemPath>../src/packs/ATSAME51J20A_DFP/component/rstc.h</itemPath>
            <itemPath>../src/packs/ATSAME51J20A_DFP/component/evsys.h</itemPath>
            <itemPath>../src/packs/ATSAME51J20A_DFP/component/tc.h</itemPath>
            <itemPath>../src/packs/ATSAME51J20A_DFP/component/hmatrixb.h</itemPath>
            <itemPath>../src/packs/ATSAME51J20A_DFP/component/qspi.h</itemPath>
            <itemPath>../src/packs/ATSAME51J20A_DFP/component/icm.h</itemPath>
            <itemPath>../src/packs/ATSAME51J20A_DFP/component/pdec.h</itemPath>
            <itemPath>../src/packs/ATSAME51J20A_DFP/component/trng.h</itemPath>
            <itemPath>../src/packs/ATSAME51J20A_DFP/component/can.h</itemPath>
            <itemPath>../src/packs/ATSAME51J20A_DFP/component/ac.h</itemPath>
            <itemPath>../src/packs/ATSAME51J20A_DFP/component/oscctrl.h</itemPath>
            <itemPath>../src/packs/ATSAME51J20A_DFP/component/eic.h</itemPath>
            <itemPath>../src/packs/ATSAME51J20A_DFP/component/i2s.h</itemPath>
            <itemPath>../src/packs/ATSAME51J20A_DFP/component/supc.h</itemPath>
            <itemPath>../src/packs/ATSAME51J20A_DFP/component/wdt.h</itemPath>
            <itemPath>../src/packs/ATSAME51J20A_DFP/component/osc32kctrl.h</itemPath>
            <itemPath>../src/packs/ATSAME51J20A_DFP/component/usb.h</itemPath>
            <itemPath>../src/packs/ATSAME51J20A_DFP/component/pcc.h</itemPath>
            <itemPath>../src/packs/ATSAME51J20A_DFP/component/adc.h</itemPath>
          </logicalFolder>
          <logicalFolder displayName="instance" name="instance" projectFiles="true">
            <itemPath>../src/packs/ATSAME51J20A_DFP/instance/adc1.h</itemPath>
            <itemPath>../src/packs/ATSAME51J20A_DFP/instance/ramecc.h</itemPath>
            <itemPath>../src/packs/ATSAME51J20A_DFP/instance/icm.h</itemPath>
            <itemPath>../src/packs/ATSAME51J20A_DFP/instance/gclk.h</itemPath>
            <itemPath>../src/packs/ATSAME51J20A_DFP/instance/fuses.h</itemPath>
            <itemPath>../src/packs/ATSAME51J20A_DFP/instance/sercom7.h</itemPath>
            <itemPath>../src/packs/ATSAME51J20A_DFP/instance/tc0.h</itemPath>
            <itemPath>../src/packs/ATSAME51J20A_DFP/instance/wdt.h</itemPath>
            <itemPath>../src/packs/ATSAME51J20A_DFP/instance/tc4.h</itemPath>
            <itemPath>../src/packs/ATSAME51J20A_DFP/instance/pac.h</itemPath>
            <itemPath>../src/packs/ATSAME51J20A_DFP/instance/sercom3.h</itemPath>
            <itemPath>../src/packs/ATSAME51J20A_DFP/instance/tcc1.h</itemPath>
            <itemPath>../src/packs/ATSAME51J20A_DFP/instance/rstc.h</itemPath>
            <itemPath>../src/packs/ATSAME51J20A_DFP/instance/dmac.h</itemPath>
            <itemPath>../src/packs/ATSAME51J20A_DFP/instance/tc5.h</itemPath>
            <itemPath>../src/packs/ATSAME51J20A_DFP/instance/sdhc0.h</itemPath>
            <itemPath>../src/packs/ATSAME51J20A_DFP/instance/tc1.h</itemPath>
            <itemPath>../src/packs/ATSAME51J20A_DFP/instance/aes.h</itemPath>
            <itemPath>../src/packs/ATSAME51J20A_DFP/instance/hmatrix.h</itemPath>
            <itemPath>../src/packs/ATSAME51J20A_DFP/instance/tcc4.h</itemPath>
            <itemPath>../src/packs/ATSAME51J20A_DFP/instance/trng.h</itemPath>
            <itemPath>../src/packs/ATSAME51J20A_DFP/instance/nvmctrl.h</itemPath>
            <itemPath>../src/packs/ATSAME51J20A_DFP/instance/supc.h</itemPath>
            <itemPath>../src/packs/ATSAME51J20A_DFP/instance/freqm.h</itemPath>
            <itemPath>../src/packs/ATSAME51J20A_DFP/instance/sercom2.h</itemPath>
            <itemPath>../src/packs/ATSAME51J20A_DFP/instance/tcc0.h</itemPath>
            <itemPath>../src/packs/ATSAME51J20A_DFP/instance/sercom6.h</itemPath>
            <itemPath>../src/packs/ATSAME51J20A_DFP/instance/rtc.h</itemPath>
            <itemPath>../src/packs/ATSAME51J20A_DFP/instance/pcc.h</itemPath>
            <itemPath>../src/packs/ATSAME51J20A_DFP/instance/can1.h</itemPath>
            <itemPath>../src/packs/ATSAME51J20A_DFP/instance/ccl.h</itemPath>
            <itemPath>../src/packs/ATSAME51J20A_DFP/instance/dac.h</itemPath>
            <itemPath>../src/packs/ATSAME51J20A_DFP/instance/tc6.h</itemPath>
            <itemPath>../src/packs/ATSAME51J20A_DFP/instance/pm.h</itemPath>
            <itemPath>../src/packs/ATSAME51J20A_DFP/instance/osc32kctrl.h</itemPath>
            <itemPath>../src/packs/ATSAME51J20A_DFP/instance/tc2.h</itemPath>
            <itemPath>../src/packs/ATSAME51J20A_DFP/instance/qspi.h</itemPath>
            <itemPath>../src/packs/ATSAME51J20A_DFP/instance/tcc3.h</itemPath>
            <itemPath>../src/packs/ATSAME51J20A_DFP/instance/ac.h</itemPath>
            <itemPath>../src/packs/ATSAME51J20A_DFP/instance/sercom1.h</itemPath>
            <itemPath>../src/packs/ATSAME51J20A_DFP/instance/port.h</itemPath>
            <itemPath>../src/packs/ATSAME51J20A_DFP/instance/sercom5.h</itemPath>
            <itemPath>../src/packs/ATSAME51J20A_DFP/instance/adc0.h</itemPath>
            <itemPath>../src/packs/ATSAME51J20A_DFP/instance/can0.h</itemPath>
            <itemPath>../src/packs/ATSAME51J20A_DFP/instance/eic.h</itemPath>
            <itemPath>../src/packs/ATSAME51J20A_DFP/instance/tc7.h</itemPath>
            <itemPath>../src/packs/ATSAME51J20A_DFP/instance/dsu.h</itemPath>
            <itemPath>../src/packs/ATSAME51J20A_DFP/instance/tc3.h</itemPath>
            <itemPath>../src/packs/ATSAME51J20A_DFP/instance/pdec.h</itemPath>
            <itemPath>../src/packs/ATSAME51J20A_DFP/instance/i2s.h</itemPath>
            <itemPath>../src/packs/ATSAME51J20A_DFP/instance/usb.h</itemPath>
            <itemPath>../src/packs/ATSAME51J20A_DFP/instance/cmcc.h</itemPath>
            <itemPath>../src/packs/ATSAME51J20A_DFP/instance/mclk.h</itemPath>
            <itemPath>../src/packs/ATSAME51J20A_DFP/instance/tcc2.h</itemPath>
            <itemPath>../src/packs/ATSAME51J20A_DFP/instance/sercom0.h</itemPath>
            <itemPath>../src/packs/ATSAME51J20A_DFP/instance/evsys.h</itemPath>
            <itemPath>../src/packs/ATSAME51J20A_DFP/instance/sercom4.h</itemPath>
            <itemPath>../src/packs/ATSAME51J20A_DFP/instance/oscctrl.h</itemPath>
          </logicalFolder>
          <logicalFolder displayName="pio" name="pio" projectFiles="true">
            <itemPath>../src/packs/ATSAME51J20A_DFP/pio/same51j20a.h</itemPath>
          </logicalFolder>
          <itemPath>../src/packs/ATSAME51J20A_DFP/same51j20a.h</itemPath>
        </logicalFolder>
        <logicalFolder displayName="CMSIS" name="CMSIS" projectFiles="true">
          <logicalFolder displayName="CMSIS" name="CMSIS" projectFiles="true">
            <logicalFolder displayName="Core" name="Core" projectFiles="true">
              <logicalFolder displayName="Include" name="Include" projectFiles="true">
                <itemPath>../src/packs/CMSIS/CMSIS/Core/Include/cmsis_iccarm.h</itemPath>
                <itemPath>../src/packs/CMSIS/CMSIS/Core/Include/cmsis_armcc.h</itemPath>
                <itemPath>../src/packs/CMSIS/CMSIS/Core/Include/core_cm4.h</itemPath>
                <itemPath>../src/packs/CMSIS/CMSIS/Core/Include/cmsis_armclang.h</itemPath>
                <itemPath>../src/packs/CMSIS/CMSIS/Core/Include/cmsis_gcc.h</itemPath>
                <itemPath>../src/packs/CMSIS/CMSIS/Core/Include/cmsis_version.h</itemPath>
                <itemPath>../src/packs/CMSIS/CMSIS/Core/Include/cmsis_armclang_ltm.h</itemPath>
                <itemPath>../src/packs/CMSIS/CMSIS/Core/Include/cachel1_armv7.h</itemPath>
                <itemPath>../src/packs/CMSIS/CMSIS/Core/Include/cmsis_compiler.h</itemPath>
                <itemPath>../src/packs/CMSIS/CMSIS/Core/Include/mpu_armv7.h</itemPath>
              </logicalFolder>
            </logicalFolder>
          </logicalFolder>
        </logicalFolder>
      </logicalFolder>
      <itemPath>../src/app.h</itemPath>
      <itemPath>../src/nvm_disk_images.h</itemPath>
    </logicalFolder>
    <logicalFolder displayName="Linker Files" name="LinkerScript" projectFiles="true">
      <logicalFolder displayName="config" name="config" projectFiles="true">
        <logicalFolder displayName="default" name="default" projectFiles="true">
          <itemPath>../src/config/default/ATSAME51J20A.ld</itemPath>
        </logicalFolder>
      </logicalFolder>
    </logicalFolder>
    <logicalFolder displayName="Source Files" name="SourceFiles" projectFiles="true">
      <logicalFolder displayName="config" name="config" projectFiles="true">
        <logicalFolder displayName="default" name="default" projectFiles="true">
          <logicalFolder displayName="bsp" name="bsp" projectFiles="true">
            <itemPath>../src/config/default/bsp/bsp.c</itemPath>
          </logicalFolder>
          <logicalFolder displayName="driver" name="driver" projectFiles="true">
            <logicalFolder displayName="memory" name="memory" projectFiles="true">
              <itemPath>../src/config/default/driver/memory/src/drv_memory_file_system.c</itemPath>
              <itemPath>../src/config/default/driver/memory/src/drv_memory_nvmctrl.c</itemPath>
              <itemPath>../src/config/default/driver/memory/src/drv_memory.c</itemPath>
            </logicalFolder>
          </logicalFolder>
          <logicalFolder displayName="peripheral" name="peripheral" projectFiles="true">
            <logicalFolder displayName="clock" name="clock" projectFiles="true">
              <itemPath>../src/config/default/peripheral/clock/plib_clock.c</itemPath>
            </logicalFolder>
            <logicalFolder displayName="cmcc" name="cmcc" projectFiles="true">
              <itemPath>../src/config/default/peripheral/cmcc/plib_cmcc.c</itemPath>
            </logicalFolder>
            <logicalFolder displayName="evsys" name="evsys" projectFiles="true">
              <itemPath>../src/config/default/peripheral/evsys/plib_evsys.c</itemPath>
            </logicalFolder>
            <logicalFolder displayName="mpu" name="mpu" projectFiles="true">
              <itemPath>../src/config/default/peripheral/mpu/plib_mpu.c</itemPath>
            </logicalFolder>
            <logicalFolder displayName="nvic" name="nvic" projectFiles="true">
              <itemPath>../src/config/default/peripheral/nvic/plib_nvic.c</itemPath>
            </logicalFolder>
            <logicalFolder displayName="nvmctrl" name="nvmctrl" projectFiles="true">
              <itemPath>../src/config/default/peripheral/nvmctrl/plib_nvmctrl.c</itemPath>
            </logicalFolder>
            <logicalFolder displayName="port" name="port" projectFiles="true">
              <itemPath>../src/config/default/peripheral/port/plib_port.c</itemPath>
            </logicalFolder>
            <logicalFolder displayName="sercom" name="sercom" projectFiles="true">
              <logicalFolder displayName="usart" name="usart" projectFiles="true">
                <itemPath>../src/config/default/peripheral/sercom/usart/plib_sercom5_usart.c</itemPath>
              </logicalFolder>
            </logicalFolder>
          </logicalFolder>
          <logicalFolder displayName="stdio" name="stdio" projectFiles="true">
            <itemPath>../src/config/default/stdio/xc32_monitor.c</itemPath>
          </logicalFolder>
          <logicalFolder displayName="system" name="system" projectFiles="true">
            <logicalFolder displayName="cache" name="cache" projectFiles="true">
              <itemPath>../src/config/default/system/cache/sys_cache.c</itemPath>
            </logicalFolder>
            <logicalFolder displayName="console" name="console" projectFiles="true">
              <itemPath>../src/config/default/system/console/src/sys_console_uart.c</itemPath>
              <itemPath>../src/config/default/system/console/src/sys_console.c</itemPath>
            </logicalFolder>
            <logicalFolder displayName="fs" name="fs" projectFiles="true">
              <logicalFolder displayName="fat_fs" name="fat_fs" projectFiles="true">
                <logicalFolder displayName="file_system" name="file_system" projectFiles="true">
                  <itemPath>../src/config/default/system/fs/fat_fs/file_system/ffunicode.c</itemPath>
                  <itemPath>../src/config/default/system/fs/fat_fs/file_system/ff.c</itemPath>
                </logicalFolder>
                <logicalFolder displayName="hardware_access" name="hardware_access" projectFiles="true">
                  <itemPath>../src/config/default/system/fs/fat_fs/hardware_access/diskio.c</itemPath>
                </logicalFolder>
              </logicalFolder>
              <itemPath>../src/config/default/system/fs/src/sys_fs_fat_interface.c</itemPath>
              <itemPath>../src/config/default/system/fs/src/sys_fs_media_manager.c</itemPath>
              <itemPath>../src/config/default/system/fs/src/sys_fs.c</itemPath>
            </logicalFolder>
            <logicalFolder displayName="int" name="int" projectFiles="true">
              <itemPath>../src/config/default/system/int/src/sys_int.c</itemPath>
            </logicalFolder>
          </logicalFolder>
          <itemPath>../src/config/default/tasks.c</itemPath>
          <itemPath>../src/config/default/interrupts.c</itemPath>
          <itemPath>../src/config/default/initialization.c</itemPath>
          <itemPath>../src/config/default/startup_xc32.c</itemPath>
          <itemPath>../src/config/default/exceptions.c</itemPath>
          <itemPath>../src/config/default/libc_syscalls.c</itemPath>
        </logicalFolder>
      </logicalFolder>
      <itemPath>../src/main.c</itemPath>
      <itemPath>../src/app.c</itemPath>
      <itemPath>../src/nvm_disk_images.c</itemPath>
    </logicalFolder>
    <logicalFolder displayName="Important Files" name="ExternalFiles" projectFiles="false">
      <itemPath>Makefile</itemPath>
      <itemPath>nvm_fat_cnano.mc3</itemPath>
    </logicalFolder>
  </logicalFolder>
  <sourceRootList>
    <Elem>../src</Elem>
  </sourceRootList>
  <projectmakefile>Makefile</projectmakefile>
  <confs>
    <conf name="default" type="2">
      <toolsSet>
        <developmentServer>localhost</developmentServer>
        <targetDevice>ATSAME51J20A</targetDevice>
        <targetHeader/>
        <targetPluginBoard/>
        <platformTool>nEdbgTool</platformTool>
        <languageToolchain>XC32</languageToolchain>
        <languageToolchainVersion>4.21</languageToolchainVersion>
        <platform>3</platform>
      </toolsSet>
      <packs>
        <pack name="SAME51_DFP" vendor="Microchip" version="3.7.242"/>
        <pack name="CMSIS" vendor="ARM" version="5.8.0"/>
      </packs>
      <ScriptingSettings>
      </ScriptingSettings>
      <compileType>
        <linkerTool>
          <linkerLibItems>
          </linkerLibItems>
        </linkerTool>
        <archiverTool>
        </archiverTool>
        <loading>
          <useAlternateLoadableFile>false</useAlternateLoadableFile>
          <parseOnProdLoad>false</parseOnProdLoad>
          <alternateLoadableFile/>
        </loading>
        <subordinates>
        </subordinates>
      </compileType>
      <makeCustomizationType>
        <makeCustomizationPreStepEnabled>false</makeCustomizationPreStepEnabled>
        <makeUseCleanTarget>false</makeUseCleanTarget>
        <makeCustomizationPreStep/>
        <makeCustomizationPostStepEnabled>false</makeCustomizationPostStepEnabled>
        <makeCustomizationPostStep/>
        <makeCustomizationPutChecksumInUserID>false</makeCustomizationPutChecksumInUserID>
        <makeCustomizationEnableLongLines>false</makeCustomizationEnableLongLines>
        <makeCustomizationNormalizeHexFile>false</makeCustomizationNormalizeHexFile>
      </makeCustomizationType>
      <C32>
        <property key="additional-warnings" value="true"/>
        <property key="addresss-attribute-use" value="false"/>
        <property key="appendMe" value=""/>
        <property key="enable-app-io" value="false"/>
        <property key="enable-omit-frame-pointer" value="false"/>
        <property key="enable-symbols" value="true"/>
        <property key="enable-unroll-loops" value="false"/>
        <property key="exclude-floating-point" value="false"/>
        <property key="extra-include-directories" value="../src;../src/config/default;../src/config/default/system/fs/fat_fs/file_system;../src/config/default/system/fs/fat_fs/hardware_access;../src/packs/ATSAME51J20A_DFP;../src/packs/CMSIS/;../src/packs/CMSIS/CMSIS/Core/Include"/>
        <property key="generate-16-bit-code" value="false"/>
        <property key="generate-micro-compressed-code" value="false"/>
        <property key="isolate-each-function" value="true"/>
        <property key="make-warnings-into-errors" value="true"/>
        <property key="optimization-level" value="-O1"/>
        <property key="place-data-into-section" value="true"/>
        <property key="post-instruction-scheduling" value="default"/>
        <property key="pre-instruction-scheduling" value="default"/>
        <property key="preprocessor-macros" value=""/>
        <property key="strict-ansi" value="false"/>
        <property key="support-ansi" value="false"/>
        <property key="tentative-definitions" value="-fno-common"/>
        <property key="toplevel-reordering" value=""/>
        <property key="unaligned-access" value=""/>
        <property key="use-cci" value="false"/>
        <property key="use-iar" value="false"/>
        <property key="use-indirect-calls" value="false"/>
      </C32>
      <C32-AR>
        <property key="additional-options-chop-files" value="false"/>
      </C32-AR>
      <C32-AS>
        <property key="assembler-symbols" value=""/>
        <property key="enable-symbols" value="true"/>
        <property key="exclude-floating-point-library" value="false"/>
        <property key="expand-macros" value="false"/>
        <property key="extra-include-directories-for-assembler" value=""/>
        <property key="extra-include-directories-for-preprocessor" value=""/>
        <property key="false-conditionals" value="false"/>
        <property key="generate-16-bit-code" value="false"/>
        <property key="generate-micro-compressed-code" value="false"/>
        <property key="keep-locals" value="false"/>
        <property key="list-assembly" value="false"/>
        <property key="list-source" value="false"/>
        <property key="list-symbols" value="false"/>
        <property key="oXC32asm-list-to-file" value="false"/>
        <property key="omit-debug-dirs" value="false"/>
        <property key="omit-forms" value="false"/>
        <property key="preprocessor-macros" value=""/>
        <property key="warning-level" value=""/>
      </C32-AS>
      <C32-CO>
        <property key="coverage-enable" value=""/>
        <property key="stack-guidance" value="false"/>
      </C32-CO>
      <C32-LD>
        <property key="additional-options-use-response-files" value="false"/>
        <property key="additional-options-write-sla" value="false"/>
        <property key="allocate-dinit" value="false"/>
        <property key="appendMe" value=""/>
        <property key="code-dinit" value="false"/>
        <property key="ebase-addr" value=""/>
        <property key="enable-check-sections" value="false"/>
        <property key="exclude-floating-point-library" value="false"/>
        <property key="exclude-standard-libraries" value="false"/>
        <property key="extra-lib-directories" value=""/>
        <property key="fill-flash-options-addr" value=""/>
        <property key="fill-flash-options-const" value=""/>
        <property key="fill-flash-options-how" value="0"/>
        <property key="fill-flash-options-inc-const" value="1"/>
        <property key="fill-flash-options-increment" value=""/>
        <property key="fill-flash-options-seq" value=""/>
        <property key="fill-flash-options-what" value="0"/>
        <property key="generate-16-bit-code" value="false"/>
        <property key="generate-cross-reference-file" value="false"/>
        <property key="generate-micro-compressed-code" value="false"/>
        <property key="heap-size" value="1024"/>
        <property key="input-libraries" value=""/>
        <property key="kseg-length" value=""/>
        <property key="kseg-origin" value=""/>
        <property key="linker-symbols" value=""/>
        <property key="map-file" value="${DISTDIR}/${PROJECTNAME}.${IMAGE_TYPE}.map"/>
        <property key="no-device-startup-code" value="true"/>
        <property key="no-startup-files" value="false"/>
        <property key="oXC32ld-extra-opts" value=""/>
        <property key="optimization-level" value=""/>
        <property key="preprocessor-macros" value=""/>
        <property key="remove-unused-sections" value="true"/>
        <property key="report-memory-usage" value="false"/>
        <property key="serial-length" value=""/>
        <property key="serial-origin" value=""/>
        <property key="stack-size" value=""/>
        <property key="symbol-stripping" value=""/>
        <property key="trace-symbols" value=""/>
        <property key="warn-section-align" value="false"/>
      </C32-LD>
      <C32CPP>
        <property key="additional-warnings" value="false"/>
        <property key="addresss-attribute-use" value="false"/>
        <property key="appendMe" value=""/>
        <property key="check-new" value="false"/>
        <property key="eh-specs" value="true"/>
        <property key="enable-app-io" value="false"/>
        <property key="enable-omit-frame-pointer" value="false"/>
        <property key="enable-symbols" value="true"/>
        <property key="enable-unroll-loops" value="false"/>
        <property key="exceptions" value="true"/>
        <property key="exclude-floating-point" value="false"/>
        <property key="extra-include-directories" value="../src;../src/config/default;../src/config/default/system/fs/fat_fs/file_system;../src/config/default/system/fs/fat_fs/hardware_access;../src/packs/ATSAME51J20A_DFP;../src/packs/CMSIS/;../src/packs/CMSIS/CMSIS/Core/Include"/>
        <property key="generate-16-bit-code" value="false"/>
        <property key="generate-micro-compressed-code" value="false"/>
        <property key="isolate-each-function" value="true"/>
        <property key="make-warnings-into-errors" value="false"/>
        <property key="optimization-level" value="-O1"/>
        <property key="place-data-into-section" value="false"/>
        <property key="post-instruction-scheduling" value="default"/>
        <property key="pre-instruction-scheduling" value="default"/>
        <property key="preprocessor-macros" value=""/>
        <property key="rtti" value="true"/>
        <property key="strict-ansi" value="false"/>
        <property key="toplevel-reordering" value=""/>
        <property key="unaligned-access" value=""/>
        <property key="use-cci" value="false"/>
        <property key="use-iar" value="false"/>
        <property key="use-indirect-calls" value="false"/>
      </C32CPP>
      <C32Global>
        <property key="appendMe" value=""/>
        <property key="common-include-directories" value=""/>
        <property key="gp-relative-option" value=""/>
        <property key="legacy-libc" value="false"/>
        <property key="mdtcm" value=""/>
        <property key="mitcm" value=""/>
        <property key="mstacktcm" value="false"/>
        <property key="omit-pack-options" value="1"/>
        <property key="relaxed-math" value="false"/>
        <property key="save-temps" value="false"/>
        <property key="stack-smashing" value=""/>
        <property key="wpo-lto" value="false"/>
      </C32Global>
    </conf>
  </confs>
</configurationDescriptor>