"Pin Number","Pin ID","Custom Name","Function","Mode", "Direction","Latch","Pull Up","Pull Down","Drive Strength"
1,PA00,,Available,,,,,,NORMAL
2,PA01,,Available,,,,,,NORMAL
3,PA02,,Available,,,,,,NORMAL
4,PA03,,Available,,,,,,NORMAL
5,PB04,,Available,,,,,,NORMAL
6,PB05,,Available,,,,,,NORMAL
9,PB06,,Available,,,,,,NORMAL
10,PB07,,Available,,,,,,NORMAL
11,PB08,,Available,,,,,,NORMAL
12,PB09,,Available,,,,,,NORMAL
13,PA04,,Available,,,,,,NORMAL
14,PA05,,Available,,,,,,NORMAL
15,PA06,BT_RST,GPIO,Digital,Out,High,,,NORMAL
16,PA07,,Available,,,,,,NORMAL
17,PA08,,SERCOM0_PAD0,Digital,High Impedance,n/a,No,No,NORMAL
18,PA09,,SERCOM0_PAD1,Digital,High Impedance,n/a,No,No,NORMAL
19,PA10,,Available,,,,,,NORMAL
20,PA11,,Available,,,,,,NORMAL
23,PB10,,Available,,,,,,NORMAL
24,PB11,,Available,,,,,,NORMAL
25,PB12,,Available,,,,,,NORMAL
26,PB13,,Available,,,,,,NORMAL
27,PB14,,Available,,,,,,NORMAL
28,PB15,,Available,,,,,,NORMAL
29,PA12,,Available,,,,,,NORMAL
30,PA13,,Available,,,,,,NORMAL
31,PA14,LED,GPIO,Digital,Out,Low,,,NORMAL
32,PA15,,Available,,,,,,NORMAL
35,PA16,,Available,,,,,,NORMAL
36,PA17,,Available,,,,,,NORMAL
37,PA18,,Available,,,,,,NORMAL
38,PA19,,Available,,,,,,NORMAL
39,PB16,,SERCOM5_PAD0,Digital,High Impedance,n/a,No,No,NORMAL
40,PB17,,SERCOM5_PAD1,Digital,High Impedance,n/a,No,No,NORMAL
41,PA20,,Available,,,,,,NORMAL
42,PA21,,Available,,,,,,NORMAL
43,PA22,,Available,,,,,,NORMAL
44,PA23,,Available,,,,,,NORMAL
45,PA24,,Available,,,,,,NORMAL
46,PA25,,Available,,,,,,NORMAL
49,PB22,,Available,,,,,,NORMAL
50,PB23,,Available,,,,,,NORMAL
51,PA27,,Available,,,,,,NORMAL
57,PA30,,Available,,,,,,NORMAL
58,PA31,,Available,,,,,,NORMAL
59,PB30,,Available,,,,,,NORMAL
60,PB31,,Available,,,,,,NORMAL
61,PB00,,Available,,,,,,NORMAL
62,PB01,,Available,,,,,,NORMAL
63,PB02,,Available,,,,,,NORMAL
64,PB03,,Available,,,,,,NORMAL
