<?xml version="1.0" encoding="UTF-8" standalone="no"?><configurationDescriptor version="65">
  <logicalFolder displayName="root" name="root" projectFiles="true">
    <logicalFolder displayName="Header Files" name="HeaderFiles" projectFiles="true">
      <logicalFolder displayName="config" name="config" projectFiles="true">
        <logicalFolder displayName="default" name="default" projectFiles="true">
          <logicalFolder displayName="bsp" name="bsp" projectFiles="true">
            <itemPath>../src/config/default/bsp/bsp.h</itemPath>
          </logicalFolder>
          <logicalFolder displayName="driver" name="driver" projectFiles="true">
            <logicalFolder displayName="spi" name="spi" projectFiles="true">
              <itemPath>../src/config/default/driver/spi/src/drv_spi_local.h</itemPath>
              <itemPath>../src/config/default/driver/spi/drv_spi_definitions.h</itemPath>
              <itemPath>../src/config/default/driver/spi/drv_spi.h</itemPath>
            </logicalFolder>
            <logicalFolder displayName="winc" name="winc" projectFiles="true">
              <logicalFolder displayName="include" name="include" projectFiles="true">
                <logicalFolder displayName="dev" name="dev" projectFiles="true">
                  <itemPath>../src/config/default/driver/winc/include/dev/wdrv_winc_gpio.h</itemPath>
                  <itemPath>../src/config/default/driver/winc/include/dev/wdrv_winc_spi.h</itemPath>
                </logicalFolder>
                <logicalFolder displayName="drv" name="drv" projectFiles="true">
                  <logicalFolder displayName="bsp" name="bsp" projectFiles="true">
                    <itemPath>../src/config/default/driver/winc/include/drv/bsp/nm_bsp.h</itemPath>
                  </logicalFolder>
                  <logicalFolder displayName="common" name="common" projectFiles="true">
                    <itemPath>../src/config/default/driver/winc/include/drv/common/nm_debug.h</itemPath>
                    <itemPath>../src/config/default/driver/winc/include/drv/common/nm_common.h</itemPath>
                  </logicalFolder>
                  <logicalFolder displayName="driver" name="driver" projectFiles="true">
                    <itemPath>../src/config/default/driver/winc/include/drv/driver/nmasic.h</itemPath>
                    <itemPath>../src/config/default/driver/winc/include/drv/driver/nmdrv.h</itemPath>
                    <itemPath>../src/config/default/driver/winc/include/drv/driver/m2m_wifi.h</itemPath>
                    <itemPath>../src/config/default/driver/winc/include/drv/driver/m2m_types.h</itemPath>
                    <itemPath>../src/config/default/driver/winc/include/drv/driver/nmbus.h</itemPath>
                    <itemPath>../src/config/default/driver/winc/include/drv/driver/m2m_periph.h</itemPath>
                    <itemPath>../src/config/default/driver/winc/include/drv/driver/m2m_hif.h</itemPath>
                    <itemPath>../src/config/default/driver/winc/include/drv/driver/m2m_ssl.h</itemPath>
                    <itemPath>../src/config/default/driver/winc/include/drv/driver/m2m_ota.h</itemPath>
                    <itemPath>../src/config/default/driver/winc/include/drv/driver/nmspi.h</itemPath>
                    <itemPath>../src/config/default/driver/winc/include/drv/driver/ecc_types.h</itemPath>
                  </logicalFolder>
                  <logicalFolder displayName="socket" name="socket" projectFiles="true">
                    <itemPath>../src/config/default/driver/winc/include/drv/socket/socket.h</itemPath>
                    <itemPath>../src/config/default/driver/winc/include/drv/socket/netinet_in.h</itemPath>
                    <itemPath>../src/config/default/driver/winc/include/drv/socket/m2m_socket_host_if.h</itemPath>
                  </logicalFolder>
                  <logicalFolder displayName="spi_flash" name="spi_flash" projectFiles="true">
                    <itemPath>../src/config/default/driver/winc/include/drv/spi_flash/spi_flash.h</itemPath>
                    <itemPath>../src/config/default/driver/winc/include/drv/spi_flash/flexible_flash.h</itemPath>
                    <itemPath>../src/config/default/driver/winc/include/drv/spi_flash/spi_flash_map.h</itemPath>
                  </logicalFolder>
                </logicalFolder>
                <itemPath>../src/config/default/driver/winc/include/wdrv_winc_ssl.h</itemPath>
                <itemPath>../src/config/default/driver/winc/include/wdrv_winc_custie.h</itemPath>
                <itemPath>../src/config/default/driver/winc/include/wdrv_winc_bssfind.h</itemPath>
                <itemPath>../src/config/default/driver/winc/include/wdrv_winc_softap.h</itemPath>
                <itemPath>../src/config/default/driver/winc/include/wdrv_winc_authctx.h</itemPath>
                <itemPath>../src/config/default/driver/winc/include/wdrv_winc_assoc.h</itemPath>
                <itemPath>../src/config/default/driver/winc/include/wdrv_winc_api.h</itemPath>
                <itemPath>../src/config/default/driver/winc/include/wdrv_winc_debug.h</itemPath>
                <itemPath>../src/config/default/driver/winc/include/wdrv_winc_wps.h</itemPath>
                <itemPath>../src/config/default/driver/winc/include/wdrv_winc.h</itemPath>
                <itemPath>../src/config/default/driver/winc/include/wdrv_winc_powersave.h</itemPath>
                <itemPath>../src/config/default/driver/winc/include/wdrv_winc_socket.h</itemPath>
                <itemPath>../src/config/default/driver/winc/include/wdrv_winc_systime.h</itemPath>
                <itemPath>../src/config/default/driver/winc/include/wdrv_winc_httpprovctx.h</itemPath>
                <itemPath>../src/config/default/driver/winc/include/wdrv_winc_bssctx.h</itemPath>
                <itemPath>../src/config/default/driver/winc/include/wdrv_winc_client_api.h</itemPath>
                <itemPath>../src/config/default/driver/winc/include/wdrv_winc_common.h</itemPath>
                <itemPath>../src/config/default/driver/winc/include/wdrv_winc_host_file.h</itemPath>
                <itemPath>../src/config/default/driver/winc/include/wdrv_winc_sta.h</itemPath>
                <itemPath>../src/config/default/driver/winc/include/wdrv_winc_nvm.h</itemPath>
              </logicalFolder>
            </logicalFolder>
            <itemPath>../src/config/default/driver/driver_common.h</itemPath>
            <itemPath>../src/config/default/driver/driver.h</itemPath>
          </logicalFolder>
          <logicalFolder displayName="osal" name="osal" projectFiles="true">
            <itemPath>../src/config/default/osal/osal_impl_basic.h</itemPath>
            <itemPath>../src/config/default/osal/osal_definitions.h</itemPath>
            <itemPath>../src/config/default/osal/osal.h</itemPath>
          </logicalFolder>
          <logicalFolder displayName="peripheral" name="peripheral" projectFiles="true">
            <logicalFolder displayName="clock" name="clock" projectFiles="true">
              <itemPath>../src/config/default/peripheral/clock/plib_clock.h</itemPath>
            </logicalFolder>
            <logicalFolder displayName="cmcc" name="cmcc" projectFiles="true">
              <itemPath>../src/config/default/peripheral/cmcc/plib_cmcc.h</itemPath>
            </logicalFolder>
            <logicalFolder displayName="dmac" name="dmac" projectFiles="true">
              <itemPath>../src/config/default/peripheral/dmac/plib_dmac.h</itemPath>
            </logicalFolder>
            <logicalFolder displayName="eic" name="eic" projectFiles="true">
              <itemPath>../src/config/default/peripheral/eic/plib_eic.h</itemPath>
            </logicalFolder>
            <logicalFolder displayName="evsys" name="evsys" projectFiles="true">
              <itemPath>../src/config/default/peripheral/evsys/plib_evsys.h</itemPath>
            </logicalFolder>
            <logicalFolder displayName="nvic" name="nvic" projectFiles="true">
              <itemPath>../src/config/default/peripheral/nvic/plib_nvic.h</itemPath>
            </logicalFolder>
            <logicalFolder displayName="nvmctrl" name="nvmctrl" projectFiles="true">
              <itemPath>../src/config/default/peripheral/nvmctrl/plib_nvmctrl.h</itemPath>
            </logicalFolder>
            <logicalFolder displayName="port" name="port" projectFiles="true">
              <itemPath>../src/config/default/peripheral/port/plib_port.h</itemPath>
            </logicalFolder>
            <logicalFolder displayName="sercom" name="sercom" projectFiles="true">
              <logicalFolder displayName="spi_master" name="spi_master" projectFiles="true">
                <itemPath>../src/config/default/peripheral/sercom/spi_master/plib_sercom1_spi_master.h</itemPath>
                <itemPath>../src/config/default/peripheral/sercom/spi_master/plib_sercom_spi_master_common.h</itemPath>
              </logicalFolder>
              <logicalFolder displayName="usart" name="usart" projectFiles="true">
                <itemPath>../src/config/default/peripheral/sercom/usart/plib_sercom5_usart.h</itemPath>
                <itemPath>../src/config/default/peripheral/sercom/usart/plib_sercom_usart_common.h</itemPath>
              </logicalFolder>
            </logicalFolder>
            <logicalFolder displayName="tc" name="tc" projectFiles="true">
              <itemPath>../src/config/default/peripheral/tc/plib_tc_common.h</itemPath>
              <itemPath>../src/config/default/peripheral/tc/plib_tc3.h</itemPath>
            </logicalFolder>
          </logicalFolder>
          <logicalFolder displayName="system" name="system" projectFiles="true">
            <logicalFolder displayName="cache" name="cache" projectFiles="true">
              <itemPath>../src/config/default/system/cache/sys_cache.h</itemPath>
            </logicalFolder>
            <logicalFolder displayName="command" name="command" projectFiles="true">
              <itemPath>../src/config/default/system/command/sys_command.h</itemPath>
            </logicalFolder>
            <logicalFolder displayName="console" name="console" projectFiles="true">
              <itemPath>../src/config/default/system/console/src/sys_console_uart.h</itemPath>
              <itemPath>../src/config/default/system/console/src/sys_console_uart_definitions.h</itemPath>
              <itemPath>../src/config/default/system/console/src/sys_console_local.h</itemPath>
              <itemPath>../src/config/default/system/console/sys_console.h</itemPath>
            </logicalFolder>
            <logicalFolder displayName="debug" name="debug" projectFiles="true">
              <itemPath>../src/config/default/system/debug/src/sys_debug_local.h</itemPath>
              <itemPath>../src/config/default/system/debug/sys_debug.h</itemPath>
            </logicalFolder>
            <logicalFolder displayName="dma" name="dma" projectFiles="true">
              <itemPath>../src/config/default/system/dma/sys_dma.h</itemPath>
              <itemPath>../src/config/default/system/dma/sys_dma_mapping.h</itemPath>
            </logicalFolder>
            <logicalFolder displayName="int" name="int" projectFiles="true">
              <itemPath>../src/config/default/system/int/sys_int.h</itemPath>
              <itemPath>../src/config/default/system/int/sys_int_mapping.h</itemPath>
            </logicalFolder>
            <logicalFolder displayName="ports" name="ports" projectFiles="true">
              <itemPath>../src/config/default/system/ports/sys_ports.h</itemPath>
              <itemPath>../src/config/default/system/ports/sys_ports_mapping.h</itemPath>
            </logicalFolder>
            <logicalFolder displayName="reset" name="reset" projectFiles="true">
              <itemPath>../src/config/default/system/reset/sys_reset.h</itemPath>
            </logicalFolder>
            <logicalFolder displayName="time" name="time" projectFiles="true">
              <itemPath>../src/config/default/system/time/sys_time_definitions.h</itemPath>
              <itemPath>../src/config/default/system/time/src/sys_time_local.h</itemPath>
              <itemPath>../src/config/default/system/time/sys_time.h</itemPath>
            </logicalFolder>
            <itemPath>../src/config/default/system/system.h</itemPath>
            <itemPath>../src/config/default/system/system_module.h</itemPath>
            <itemPath>../src/config/default/system/system_common.h</itemPath>
          </logicalFolder>
          <itemPath>../src/config/default/device_vectors.h</itemPath>
          <itemPath>../src/config/default/user.h</itemPath>
          <itemPath>../src/config/default/definitions.h</itemPath>
          <itemPath>../src/config/default/configuration.h</itemPath>
          <itemPath>../src/config/default/device_cache.h</itemPath>
          <itemPath>../src/config/default/interrupts.h</itemPath>
          <itemPath>../src/config/default/toolchain_specifics.h</itemPath>
          <itemPath>../src/config/default/device.h</itemPath>
        </logicalFolder>
      </logicalFolder>
      <logicalFolder displayName="packs" name="packs" projectFiles="true">
        <logicalFolder displayName="ATSAME51J20A_DFP" name="ATSAME51J20A_DFP" projectFiles="true">
          <logicalFolder displayName="component" name="component" projectFiles="true">
            <itemPath>../src/packs/ATSAME51J20A_DFP/component/nvmctrl.h</itemPath>
            <itemPath>../src/packs/ATSAME51J20A_DFP/component/dsu.h</itemPath>
            <itemPath>../src/packs/ATSAME51J20A_DFP/component/pcc.h</itemPath>
            <itemPath>../src/packs/ATSAME51J20A_DFP/component/trng.h</itemPath>
            <itemPath>../src/packs/ATSAME51J20A_DFP/component/oscctrl.h</itemPath>
            <itemPath>../src/packs/ATSAME51J20A_DFP/component/wdt.h</itemPath>
            <itemPath>../src/packs/ATSAME51J20A_DFP/component/mclk.h</itemPath>
            <itemPath>../src/packs/ATSAME51J20A_DFP/component/tcc.h</itemPath>
            <itemPath>../src/packs/ATSAME51J20A_DFP/component/eic.h</itemPath>
            <itemPath>../src/packs/ATSAME51J20A_DFP/component/pdec.h</itemPath>
            <itemPath>../src/packs/ATSAME51J20A_DFP/component/pm.h</itemPath>
            <itemPath>../src/packs/ATSAME51J20A_DFP/component/cmcc.h</itemPath>
            <itemPath>../src/packs/ATSAME51J20A_DFP/component/can.h</itemPath>
            <itemPath>../src/packs/ATSAME51J20A_DFP/component/sdhc.h</itemPath>
            <itemPath>../src/packs/ATSAME51J20A_DFP/component/evsys.h</itemPath>
            <itemPath>../src/packs/ATSAME51J20A_DFP/component/adc.h</itemPath>
            <itemPath>../src/packs/ATSAME51J20A_DFP/component/port.h</itemPath>
            <itemPath>../src/packs/ATSAME51J20A_DFP/component/tc.h</itemPath>
            <itemPath>../src/packs/ATSAME51J20A_DFP/component/supc.h</itemPath>
            <itemPath>../src/packs/ATSAME51J20A_DFP/component/pukcc.h</itemPath>
            <itemPath>../src/packs/ATSAME51J20A_DFP/component/i2s.h</itemPath>
            <itemPath>../src/packs/ATSAME51J20A_DFP/component/ramecc.h</itemPath>
            <itemPath>../src/packs/ATSAME51J20A_DFP/component/dac.h</itemPath>
            <itemPath>../src/packs/ATSAME51J20A_DFP/component/fuses.h</itemPath>
            <itemPath>../src/packs/ATSAME51J20A_DFP/component/sercom.h</itemPath>
            <itemPath>../src/packs/ATSAME51J20A_DFP/component/icm.h</itemPath>
            <itemPath>../src/packs/ATSAME51J20A_DFP/component/rstc.h</itemPath>
            <itemPath>../src/packs/ATSAME51J20A_DFP/component/aes.h</itemPath>
            <itemPath>../src/packs/ATSAME51J20A_DFP/component/qspi.h</itemPath>
            <itemPath>../src/packs/ATSAME51J20A_DFP/component/rtc.h</itemPath>
            <itemPath>../src/packs/ATSAME51J20A_DFP/component/osc32kctrl.h</itemPath>
            <itemPath>../src/packs/ATSAME51J20A_DFP/component/gclk.h</itemPath>
            <itemPath>../src/packs/ATSAME51J20A_DFP/component/usb.h</itemPath>
            <itemPath>../src/packs/ATSAME51J20A_DFP/component/pac.h</itemPath>
            <itemPath>../src/packs/ATSAME51J20A_DFP/component/hmatrixb.h</itemPath>
            <itemPath>../src/packs/ATSAME51J20A_DFP/component/freqm.h</itemPath>
            <itemPath>../src/packs/ATSAME51J20A_DFP/component/ac.h</itemPath>
            <itemPath>../src/packs/ATSAME51J20A_DFP/component/ccl.h</itemPath>
            <itemPath>../src/packs/ATSAME51J20A_DFP/component/dmac.h</itemPath>
          </logicalFolder>
          <logicalFolder displayName="instance" name="instance" projectFiles="true">
            <itemPath>../src/packs/ATSAME51J20A_DFP/instance/sercom5.h</itemPath>
            <itemPath>../src/packs/ATSAME51J20A_DFP/instance/gclk.h</itemPath>
            <itemPath>../src/packs/ATSAME51J20A_DFP/instance/tcc4.h</itemPath>
            <itemPath>../src/packs/ATSAME51J20A_DFP/instance/tc0.h</itemPath>
            <itemPath>../src/packs/ATSAME51J20A_DFP/instance/sercom4.h</itemPath>
            <itemPath>../src/packs/ATSAME51J20A_DFP/instance/freqm.h</itemPath>
            <itemPath>../src/packs/ATSAME51J20A_DFP/instance/sdhc0.h</itemPath>
            <itemPath>../src/packs/ATSAME51J20A_DFP/instance/qspi.h</itemPath>
            <itemPath>../src/packs/ATSAME51J20A_DFP/instance/tc1.h</itemPath>
            <itemPath>../src/packs/ATSAME51J20A_DFP/instance/cmcc.h</itemPath>
            <itemPath>../src/packs/ATSAME51J20A_DFP/instance/sercom7.h</itemPath>
            <itemPath>../src/packs/ATSAME51J20A_DFP/instance/osc32kctrl.h</itemPath>
            <itemPath>../src/packs/ATSAME51J20A_DFP/instance/i2s.h</itemPath>
            <itemPath>../src/packs/ATSAME51J20A_DFP/instance/tcc2.h</itemPath>
            <itemPath>../src/packs/ATSAME51J20A_DFP/instance/dsu.h</itemPath>
            <itemPath>../src/packs/ATSAME51J20A_DFP/instance/tc6.h</itemPath>
            <itemPath>../src/packs/ATSAME51J20A_DFP/instance/can0.h</itemPath>
            <itemPath>../src/packs/ATSAME51J20A_DFP/instance/hmatrix.h</itemPath>
            <itemPath>../src/packs/ATSAME51J20A_DFP/instance/sercom6.h</itemPath>
            <itemPath>../src/packs/ATSAME51J20A_DFP/instance/adc0.h</itemPath>
            <itemPath>../src/packs/ATSAME51J20A_DFP/instance/dmac.h</itemPath>
            <itemPath>../src/packs/ATSAME51J20A_DFP/instance/tcc3.h</itemPath>
            <itemPath>../src/packs/ATSAME51J20A_DFP/instance/wdt.h</itemPath>
            <itemPath>../src/packs/ATSAME51J20A_DFP/instance/evsys.h</itemPath>
            <itemPath>../src/packs/ATSAME51J20A_DFP/instance/eic.h</itemPath>
            <itemPath>../src/packs/ATSAME51J20A_DFP/instance/tc7.h</itemPath>
            <itemPath>../src/packs/ATSAME51J20A_DFP/instance/can1.h</itemPath>
            <itemPath>../src/packs/ATSAME51J20A_DFP/instance/sercom1.h</itemPath>
            <itemPath>../src/packs/ATSAME51J20A_DFP/instance/adc1.h</itemPath>
            <itemPath>../src/packs/ATSAME51J20A_DFP/instance/nvmctrl.h</itemPath>
            <itemPath>../src/packs/ATSAME51J20A_DFP/instance/icm.h</itemPath>
            <itemPath>../src/packs/ATSAME51J20A_DFP/instance/tcc0.h</itemPath>
            <itemPath>../src/packs/ATSAME51J20A_DFP/instance/tc4.h</itemPath>
            <itemPath>../src/packs/ATSAME51J20A_DFP/instance/pdec.h</itemPath>
            <itemPath>../src/packs/ATSAME51J20A_DFP/instance/pac.h</itemPath>
            <itemPath>../src/packs/ATSAME51J20A_DFP/instance/rtc.h</itemPath>
            <itemPath>../src/packs/ATSAME51J20A_DFP/instance/pm.h</itemPath>
            <itemPath>../src/packs/ATSAME51J20A_DFP/instance/sercom0.h</itemPath>
            <itemPath>../src/packs/ATSAME51J20A_DFP/instance/oscctrl.h</itemPath>
            <itemPath>../src/packs/ATSAME51J20A_DFP/instance/tcc1.h</itemPath>
            <itemPath>../src/packs/ATSAME51J20A_DFP/instance/aes.h</itemPath>
            <itemPath>../src/packs/ATSAME51J20A_DFP/instance/fuses.h</itemPath>
            <itemPath>../src/packs/ATSAME51J20A_DFP/instance/tc5.h</itemPath>
            <itemPath>../src/packs/ATSAME51J20A_DFP/instance/ramecc.h</itemPath>
            <itemPath>../src/packs/ATSAME51J20A_DFP/instance/dac.h</itemPath>
            <itemPath>../src/packs/ATSAME51J20A_DFP/instance/ccl.h</itemPath>
            <itemPath>../src/packs/ATSAME51J20A_DFP/instance/sercom3.h</itemPath>
            <itemPath>../src/packs/ATSAME51J20A_DFP/instance/supc.h</itemPath>
            <itemPath>../src/packs/ATSAME51J20A_DFP/instance/mclk.h</itemPath>
            <itemPath>../src/packs/ATSAME51J20A_DFP/instance/trng.h</itemPath>
            <itemPath>../src/packs/ATSAME51J20A_DFP/instance/ac.h</itemPath>
            <itemPath>../src/packs/ATSAME51J20A_DFP/instance/tc2.h</itemPath>
            <itemPath>../src/packs/ATSAME51J20A_DFP/instance/sercom2.h</itemPath>
            <itemPath>../src/packs/ATSAME51J20A_DFP/instance/rstc.h</itemPath>
            <itemPath>../src/packs/ATSAME51J20A_DFP/instance/port.h</itemPath>
            <itemPath>../src/packs/ATSAME51J20A_DFP/instance/pcc.h</itemPath>
            <itemPath>../src/packs/ATSAME51J20A_DFP/instance/tc3.h</itemPath>
            <itemPath>../src/packs/ATSAME51J20A_DFP/instance/usb.h</itemPath>
          </logicalFolder>
          <logicalFolder displayName="pio" name="pio" projectFiles="true">
            <itemPath>../src/packs/ATSAME51J20A_DFP/pio/same51j20a.h</itemPath>
          </logicalFolder>
          <itemPath>../src/packs/ATSAME51J20A_DFP/same51j20a.h</itemPath>
        </logicalFolder>
        <logicalFolder displayName="CMSIS" name="CMSIS" projectFiles="true">
          <logicalFolder displayName="CMSIS" name="CMSIS" projectFiles="true">
            <logicalFolder displayName="Core" name="Core" projectFiles="true">
              <logicalFolder displayName="Include" name="Include" projectFiles="true">
                <itemPath>../src/packs/CMSIS/CMSIS/Core/Include/cmsis_compiler.h</itemPath>
                <itemPath>../src/packs/CMSIS/CMSIS/Core/Include/cachel1_armv7.h</itemPath>
                <itemPath>../src/packs/CMSIS/CMSIS/Core/Include/cmsis_version.h</itemPath>
                <itemPath>../src/packs/CMSIS/CMSIS/Core/Include/cmsis_armcc.h</itemPath>
                <itemPath>../src/packs/CMSIS/CMSIS/Core/Include/mpu_armv7.h</itemPath>
                <itemPath>../src/packs/CMSIS/CMSIS/Core/Include/cmsis_gcc.h</itemPath>
                <itemPath>../src/packs/CMSIS/CMSIS/Core/Include/cmsis_armclang.h</itemPath>
                <itemPath>../src/packs/CMSIS/CMSIS/Core/Include/core_cm4.h</itemPath>
                <itemPath>../src/packs/CMSIS/CMSIS/Core/Include/cmsis_armclang_ltm.h</itemPath>
                <itemPath>../src/packs/CMSIS/CMSIS/Core/Include/cmsis_iccarm.h</itemPath>
              </logicalFolder>
            </logicalFolder>
          </logicalFolder>
        </logicalFolder>
      </logicalFolder>
      <logicalFolder displayName="paho.mqtt.embedded-c" name="paho.mqtt.embedded-c" projectFiles="true">
        <logicalFolder displayName="MQTTClient-C" name="MQTTClient-C" projectFiles="true">
          <logicalFolder displayName="Platforms" name="Platforms" projectFiles="true">
            <itemPath>../src/third_party/paho.mqtt.embedded-c/MQTTClient-C/Platforms/MCHP_pic32mzw1.h</itemPath>
          </logicalFolder>
          <logicalFolder displayName="src" name="src" projectFiles="true">
            <itemPath>../src/third_party/paho.mqtt.embedded-c/MQTTClient-C/src/MQTTClient.h</itemPath>
          </logicalFolder>
        </logicalFolder>
        <logicalFolder displayName="MQTTPacket" name="MQTTPacket" projectFiles="true">
          <logicalFolder displayName="src" name="src" projectFiles="true">
            <itemPath>../src/third_party/paho.mqtt.embedded-c/MQTTPacket/src/MQTTPublish.h</itemPath>
            <itemPath>../src/third_party/paho.mqtt.embedded-c/MQTTPacket/src/StackTrace.h</itemPath>
            <itemPath>../src/third_party/paho.mqtt.embedded-c/MQTTPacket/src/MQTTConnect.h</itemPath>
            <itemPath>../src/third_party/paho.mqtt.embedded-c/MQTTPacket/src/MQTTFormat.h</itemPath>
            <itemPath>../src/third_party/paho.mqtt.embedded-c/MQTTPacket/src/MQTTSubscribe.h</itemPath>
            <itemPath>../src/third_party/paho.mqtt.embedded-c/MQTTPacket/src/MQTTUnsubscribe.h</itemPath>
            <itemPath>../src/third_party/paho.mqtt.embedded-c/MQTTPacket/src/MQTTPacket.h</itemPath>
          </logicalFolder>
        </logicalFolder>
      </logicalFolder>
      <itemPath>../src/app.h</itemPath>
      <itemPath>../src/app_mqtt.h</itemPath>
      <itemPath>../src/app_wifi.h</itemPath>
      <itemPath>../src/app_cert_download_ota.h</itemPath>
      <itemPath>../src/app_iperf.h</itemPath>
      <itemPath>../src/app_ota.h</itemPath>
      <itemPath>../src/app_ping.h</itemPath>
      <itemPath>../src/app_sntp.h</itemPath>
      <itemPath>../src/app_ssl.h</itemPath>
      <itemPath>../src/iperf.h</itemPath>
    </logicalFolder>
    <logicalFolder displayName="Linker Files" name="LinkerScript" projectFiles="true">
      <logicalFolder displayName="config" name="config" projectFiles="true">
        <logicalFolder displayName="default" name="default" projectFiles="true">
          <itemPath>../src/config/default/ATSAME51J20A.ld</itemPath>
        </logicalFolder>
      </logicalFolder>
    </logicalFolder>
    <logicalFolder displayName="Source Files" name="SourceFiles" projectFiles="true">
      <logicalFolder displayName="config" name="config" projectFiles="true">
        <logicalFolder displayName="default" name="default" projectFiles="true">
          <logicalFolder displayName="bsp" name="bsp" projectFiles="true">
            <itemPath>../src/config/default/bsp/bsp.c</itemPath>
          </logicalFolder>
          <logicalFolder displayName="driver" name="driver" projectFiles="true">
            <logicalFolder displayName="spi" name="spi" projectFiles="true">
              <itemPath>../src/config/default/driver/spi/src/drv_spi.c</itemPath>
            </logicalFolder>
            <logicalFolder displayName="winc" name="winc" projectFiles="true">
              <logicalFolder displayName="dev" name="dev" projectFiles="true">
                <logicalFolder displayName="gpio" name="gpio" projectFiles="true">
                  <itemPath>../src/config/default/driver/winc/dev/gpio/wdrv_winc_gpio.c</itemPath>
                  <itemPath>../src/config/default/driver/winc/dev/gpio/wdrv_winc_eint.c</itemPath>
                </logicalFolder>
                <logicalFolder displayName="spi" name="spi" projectFiles="true">
                  <itemPath>../src/config/default/driver/winc/dev/spi/wdrv_winc_spi.c</itemPath>
                </logicalFolder>
              </logicalFolder>
              <logicalFolder displayName="drv" name="drv" projectFiles="true">
                <logicalFolder displayName="common" name="common" projectFiles="true">
                  <itemPath>../src/config/default/driver/winc/drv/common/nm_common.c</itemPath>
                </logicalFolder>
                <logicalFolder displayName="driver" name="driver" projectFiles="true">
                  <itemPath>../src/config/default/driver/winc/drv/driver/nmbus.c</itemPath>
                  <itemPath>../src/config/default/driver/winc/drv/driver/m2m_ssl.c</itemPath>
                  <itemPath>../src/config/default/driver/winc/drv/driver/m2m_wifi.c</itemPath>
                  <itemPath>../src/config/default/driver/winc/drv/driver/m2m_ota.c</itemPath>
                  <itemPath>../src/config/default/driver/winc/drv/driver/m2m_periph.c</itemPath>
                  <itemPath>../src/config/default/driver/winc/drv/driver/m2m_hif.c</itemPath>
                  <itemPath>../src/config/default/driver/winc/drv/driver/nmdrv.c</itemPath>
                  <itemPath>../src/config/default/driver/winc/drv/driver/nmspi.c</itemPath>
                  <itemPath>../src/config/default/driver/winc/drv/driver/nmasic.c</itemPath>
                </logicalFolder>
                <logicalFolder displayName="socket" name="socket" projectFiles="true">
                  <itemPath>../src/config/default/driver/winc/drv/socket/inet_addr.c</itemPath>
                  <itemPath>../src/config/default/driver/winc/drv/socket/inet_ntop.c</itemPath>
                  <itemPath>../src/config/default/driver/winc/drv/socket/socket.c</itemPath>
                </logicalFolder>
                <logicalFolder displayName="spi_flash" name="spi_flash" projectFiles="true">
                  <itemPath>../src/config/default/driver/winc/drv/spi_flash/spi_flash.c</itemPath>
                  <itemPath>../src/config/default/driver/winc/drv/spi_flash/flexible_flash.c</itemPath>
                </logicalFolder>
              </logicalFolder>
              <logicalFolder displayName="osal" name="osal" projectFiles="true">
                <itemPath>../src/config/default/driver/winc/osal/wdrv_winc_osal.c</itemPath>
              </logicalFolder>
              <itemPath>../src/config/default/driver/winc/wdrv_winc_socket.c</itemPath>
              <itemPath>../src/config/default/driver/winc/wdrv_winc.c</itemPath>
              <itemPath>../src/config/default/driver/winc/wdrv_winc_bssctx.c</itemPath>
              <itemPath>../src/config/default/driver/winc/wdrv_winc_assoc.c</itemPath>
              <itemPath>../src/config/default/driver/winc/wdrv_winc_httpprovctx.c</itemPath>
              <itemPath>../src/config/default/driver/winc/wdrv_winc_sta.c</itemPath>
              <itemPath>../src/config/default/driver/winc/wdrv_winc_nvm.c</itemPath>
              <itemPath>../src/config/default/driver/winc/wdrv_winc_custie.c</itemPath>
              <itemPath>../src/config/default/driver/winc/wdrv_winc_bssfind.c</itemPath>
              <itemPath>../src/config/default/driver/winc/wdrv_winc_systime.c</itemPath>
              <itemPath>../src/config/default/driver/winc/wdrv_winc_powersave.c</itemPath>
              <itemPath>../src/config/default/driver/winc/wdrv_winc_host_file.c</itemPath>
              <itemPath>../src/config/default/driver/winc/wdrv_winc_wps.c</itemPath>
              <itemPath>../src/config/default/driver/winc/wdrv_winc_authctx.c</itemPath>
              <itemPath>../src/config/default/driver/winc/wdrv_winc_ssl.c</itemPath>
              <itemPath>../src/config/default/driver/winc/wdrv_winc_softap.c</itemPath>
            </logicalFolder>
          </logicalFolder>
          <logicalFolder displayName="peripheral" name="peripheral" projectFiles="true">
            <logicalFolder displayName="clock" name="clock" projectFiles="true">
              <itemPath>../src/config/default/peripheral/clock/plib_clock.c</itemPath>
            </logicalFolder>
            <logicalFolder displayName="cmcc" name="cmcc" projectFiles="true">
              <itemPath>../src/config/default/peripheral/cmcc/plib_cmcc.c</itemPath>
            </logicalFolder>
            <logicalFolder displayName="dmac" name="dmac" projectFiles="true">
              <itemPath>../src/config/default/peripheral/dmac/plib_dmac.c</itemPath>
            </logicalFolder>
            <logicalFolder displayName="eic" name="eic" projectFiles="true">
              <itemPath>../src/config/default/peripheral/eic/plib_eic.c</itemPath>
            </logicalFolder>
            <logicalFolder displayName="evsys" name="evsys" projectFiles="true">
              <itemPath>../src/config/default/peripheral/evsys/plib_evsys.c</itemPath>
            </logicalFolder>
            <logicalFolder displayName="nvic" name="nvic" projectFiles="true">
              <itemPath>../src/config/default/peripheral/nvic/plib_nvic.c</itemPath>
            </logicalFolder>
            <logicalFolder displayName="nvmctrl" name="nvmctrl" projectFiles="true">
              <itemPath>../src/config/default/peripheral/nvmctrl/plib_nvmctrl.c</itemPath>
            </logicalFolder>
            <logicalFolder displayName="port" name="port" projectFiles="true">
              <itemPath>../src/config/default/peripheral/port/plib_port.c</itemPath>
            </logicalFolder>
            <logicalFolder displayName="sercom" name="sercom" projectFiles="true">
              <logicalFolder displayName="spi_master" name="spi_master" projectFiles="true">
                <itemPath>../src/config/default/peripheral/sercom/spi_master/plib_sercom1_spi_master.c</itemPath>
              </logicalFolder>
              <logicalFolder displayName="usart" name="usart" projectFiles="true">
                <itemPath>../src/config/default/peripheral/sercom/usart/plib_sercom5_usart.c</itemPath>
              </logicalFolder>
            </logicalFolder>
            <logicalFolder displayName="tc" name="tc" projectFiles="true">
              <itemPath>../src/config/default/peripheral/tc/plib_tc3.c</itemPath>
            </logicalFolder>
          </logicalFolder>
          <logicalFolder displayName="stdio" name="stdio" projectFiles="true">
            <itemPath>../src/config/default/stdio/xc32_monitor.c</itemPath>
          </logicalFolder>
          <logicalFolder displayName="system" name="system" projectFiles="true">
            <logicalFolder displayName="cache" name="cache" projectFiles="true">
              <itemPath>../src/config/default/system/cache/sys_cache.c</itemPath>
            </logicalFolder>
            <logicalFolder displayName="command" name="command" projectFiles="true">
              <itemPath>../src/config/default/system/command/src/sys_command.c</itemPath>
            </logicalFolder>
            <logicalFolder displayName="console" name="console" projectFiles="true">
              <itemPath>../src/config/default/system/console/src/sys_console_uart.c</itemPath>
              <itemPath>../src/config/default/system/console/src/sys_console.c</itemPath>
            </logicalFolder>
            <logicalFolder displayName="debug" name="debug" projectFiles="true">
              <itemPath>../src/config/default/system/debug/src/sys_debug.c</itemPath>
            </logicalFolder>
            <logicalFolder displayName="dma" name="dma" projectFiles="true">
              <itemPath>../src/config/default/system/dma/sys_dma.c</itemPath>
            </logicalFolder>
            <logicalFolder displayName="int" name="int" projectFiles="true">
              <itemPath>../src/config/default/system/int/src/sys_int.c</itemPath>
            </logicalFolder>
            <logicalFolder displayName="reset" name="reset" projectFiles="true">
              <itemPath>../src/config/default/system/reset/sys_reset.c</itemPath>
            </logicalFolder>
            <logicalFolder displayName="time" name="time" projectFiles="true">
              <itemPath>../src/config/default/system/time/src/sys_time.c</itemPath>
            </logicalFolder>
          </logicalFolder>
          <itemPath>../src/config/default/startup_xc32.c</itemPath>
          <itemPath>../src/config/default/libc_syscalls.c</itemPath>
          <itemPath>../src/config/default/tasks.c</itemPath>
          <itemPath>../src/config/default/exceptions.c</itemPath>
          <itemPath>../src/config/default/initialization.c</itemPath>
          <itemPath>../src/config/default/interrupts.c</itemPath>
        </logicalFolder>
      </logicalFolder>
      <logicalFolder displayName="paho.mqtt.embedded-c" name="paho.mqtt.embedded-c" projectFiles="true">
        <logicalFolder displayName="MQTTClient-C" name="MQTTClient-C" projectFiles="true">
          <logicalFolder displayName="Platforms" name="Platforms" projectFiles="true">
            <itemPath>../src/third_party/paho.mqtt.embedded-c/MQTTClient-C/Platforms/MCHP_pic32mzw1.c</itemPath>
          </logicalFolder>
          <logicalFolder displayName="src" name="src" projectFiles="true">
            <itemPath>../src/third_party/paho.mqtt.embedded-c/MQTTClient-C/src/MQTTClient.c</itemPath>
          </logicalFolder>
        </logicalFolder>
        <logicalFolder displayName="MQTTPacket" name="MQTTPacket" projectFiles="true">
          <logicalFolder displayName="src" name="src" projectFiles="true">
            <itemPath>../src/third_party/paho.mqtt.embedded-c/MQTTPacket/src/MQTTSubscribeServer.c</itemPath>
            <itemPath>../src/third_party/paho.mqtt.embedded-c/MQTTPacket/src/MQTTPacket.c</itemPath>
            <itemPath>../src/third_party/paho.mqtt.embedded-c/MQTTPacket/src/MQTTFormat.c</itemPath>
            <itemPath>../src/third_party/paho.mqtt.embedded-c/MQTTPacket/src/MQTTSubscribeClient.c</itemPath>
            <itemPath>../src/third_party/paho.mqtt.embedded-c/MQTTPacket/src/MQTTSerializePublish.c</itemPath>
            <itemPath>../src/third_party/paho.mqtt.embedded-c/MQTTPacket/src/MQTTUnsubscribeClient.c</itemPath>
            <itemPath>../src/third_party/paho.mqtt.embedded-c/MQTTPacket/src/MQTTDeserializePublish.c</itemPath>
            <itemPath>../src/third_party/paho.mqtt.embedded-c/MQTTPacket/src/MQTTConnectClient.c</itemPath>
            <itemPath>../src/third_party/paho.mqtt.embedded-c/MQTTPacket/src/MQTTConnectServer.c</itemPath>
            <itemPath>../src/third_party/paho.mqtt.embedded-c/MQTTPacket/src/MQTTUnsubscribeServer.c</itemPath>
          </logicalFolder>
        </logicalFolder>
      </logicalFolder>
      <itemPath>../src/app.c</itemPath>
      <itemPath>../src/main.c</itemPath>
      <itemPath>../src/app_mqtt.c</itemPath>
      <itemPath>../src/app_wifi.c</itemPath>
      <itemPath>../src/app_cert_download_ota.c</itemPath>
      <itemPath>../src/app_iperf.c</itemPath>
      <itemPath>../src/app_ota.c</itemPath>
      <itemPath>../src/app_ping.c</itemPath>
      <itemPath>../src/app_sntp.c</itemPath>
      <itemPath>../src/app_socket.c</itemPath>
      <itemPath>../src/app_ssl.c</itemPath>
      <itemPath>../src/iperf.c</itemPath>
    </logicalFolder>
    <logicalFolder displayName="Important Files" name="ExternalFiles" projectFiles="false">
      <itemPath>Makefile</itemPath>
      <itemPath>first_project.mc3</itemPath>
    </logicalFolder>
  </logicalFolder>
  <sourceRootList>
    <Elem>../src</Elem>
  </sourceRootList>
  <projectmakefile>Makefile</projectmakefile>
  <confs>
    <conf name="default" type="2">
      <toolsSet>
        <developmentServer>localhost</developmentServer>
        <targetDevice>ATSAME51J20A</targetDevice>
        <targetHeader/>
        <targetPluginBoard/>
        <platformTool>nEdbgTool</platformTool>
        <languageToolchain>XC32</languageToolchain>
        <languageToolchainVersion>4.21</languageToolchainVersion>
        <platform>3</platform>
      </toolsSet>
      <packs>
        <pack name="CMSIS" vendor="ARM" version="5.8.0"/>
        <pack name="SAME51_DFP" vendor="Microchip" version="3.7.242"/>
      </packs>
      <ScriptingSettings>
      </ScriptingSettings>
      <compileType>
        <linkerTool>
          <linkerLibItems>
          </linkerLibItems>
        </linkerTool>
        <archiverTool>
        </archiverTool>
        <loading>
          <useAlternateLoadableFile>false</useAlternateLoadableFile>
          <parseOnProdLoad>false</parseOnProdLoad>
          <alternateLoadableFile/>
        </loading>
        <subordinates>
        </subordinates>
      </compileType>
      <makeCustomizationType>
        <makeCustomizationPreStepEnabled>false</makeCustomizationPreStepEnabled>
        <makeUseCleanTarget>false</makeUseCleanTarget>
        <makeCustomizationPreStep/>
        <makeCustomizationPostStepEnabled>false</makeCustomizationPostStepEnabled>
        <makeCustomizationPostStep/>
        <makeCustomizationPutChecksumInUserID>false</makeCustomizationPutChecksumInUserID>
        <makeCustomizationEnableLongLines>false</makeCustomizationEnableLongLines>
        <makeCustomizationNormalizeHexFile>false</makeCustomizationNormalizeHexFile>
      </makeCustomizationType>
      <C32>
        <property key="additional-warnings" value="true"/>
        <property key="addresss-attribute-use" value="false"/>
        <property key="appendMe" value=""/>
        <property key="enable-app-io" value="false"/>
        <property key="enable-omit-frame-pointer" value="false"/>
        <property key="enable-symbols" value="true"/>
        <property key="enable-unroll-loops" value="false"/>
        <property key="exclude-floating-point" value="false"/>
        <property key="extra-include-directories" value="../src;../src/config/default;../src/config/default/driver/winc/include/;../src/config/default/driver/winc/include/dev;../src/config/default/driver/winc/include/drv/bsp;../src/config/default/driver/winc/include/drv/bsp/include;../src/config/default/driver/winc/include/drv/common;../src/config/default/driver/winc/include/drv/driver;../src/config/default/driver/winc/include/drv/socket;../src/config/default/driver/winc/include/drv/spi_flash;../src/packs/ATSAME51J20A_DFP;../src/packs/CMSIS/;../src/packs/CMSIS/CMSIS/Core/Include;../src/third_party/paho.mqtt.embedded-c"/>
        <property key="generate-16-bit-code" value="false"/>
        <property key="generate-micro-compressed-code" value="false"/>
        <property key="isolate-each-function" value="true"/>
        <property key="make-warnings-into-errors" value="true"/>
        <property key="optimization-level" value="-O1"/>
        <property key="place-data-into-section" value="true"/>
        <property key="post-instruction-scheduling" value="default"/>
        <property key="pre-instruction-scheduling" value="default"/>
        <property key="preprocessor-macros" value="WINC_MQTT"/>
        <property key="strict-ansi" value="false"/>
        <property key="support-ansi" value="false"/>
        <property key="tentative-definitions" value="-fno-common"/>
        <property key="toplevel-reordering" value=""/>
        <property key="unaligned-access" value=""/>
        <property key="use-cci" value="false"/>
        <property key="use-iar" value="false"/>
        <property key="use-indirect-calls" value="false"/>
      </C32>
      <C32-AR>
        <property key="additional-options-chop-files" value="false"/>
      </C32-AR>
      <C32-AS>
        <property key="assembler-symbols" value=""/>
        <property key="enable-symbols" value="true"/>
        <property key="exclude-floating-point-library" value="false"/>
        <property key="expand-macros" value="false"/>
        <property key="extra-include-directories-for-assembler" value=""/>
        <property key="extra-include-directories-for-preprocessor" value=""/>
        <property key="false-conditionals" value="false"/>
        <property key="generate-16-bit-code" value="false"/>
        <property key="generate-micro-compressed-code" value="false"/>
        <property key="keep-locals" value="false"/>
        <property key="list-assembly" value="false"/>
        <property key="list-source" value="false"/>
        <property key="list-symbols" value="false"/>
        <property key="oXC32asm-list-to-file" value="false"/>
        <property key="omit-debug-dirs" value="false"/>
        <property key="omit-forms" value="false"/>
        <property key="preprocessor-macros" value=""/>
        <property key="warning-level" value=""/>
      </C32-AS>
      <C32-CO>
        <property key="coverage-enable" value=""/>
        <property key="stack-guidance" value="false"/>
      </C32-CO>
      <C32-LD>
        <property key="additional-options-use-response-files" value="false"/>
        <property key="additional-options-write-sla" value="false"/>
        <property key="allocate-dinit" value="false"/>
        <property key="appendMe" value=""/>
        <property key="code-dinit" value="false"/>
        <property key="ebase-addr" value=""/>
        <property key="enable-check-sections" value="false"/>
        <property key="exclude-floating-point-library" value="false"/>
        <property key="exclude-standard-libraries" value="false"/>
        <property key="extra-lib-directories" value=""/>
        <property key="fill-flash-options-addr" value=""/>
        <property key="fill-flash-options-const" value=""/>
        <property key="fill-flash-options-how" value="0"/>
        <property key="fill-flash-options-inc-const" value="1"/>
        <property key="fill-flash-options-increment" value=""/>
        <property key="fill-flash-options-seq" value=""/>
        <property key="fill-flash-options-what" value="0"/>
        <property key="generate-16-bit-code" value="false"/>
        <property key="generate-cross-reference-file" value="false"/>
        <property key="generate-micro-compressed-code" value="false"/>
        <property key="heap-size" value="1024"/>
        <property key="input-libraries" value=""/>
        <property key="kseg-length" value=""/>
        <property key="kseg-origin" value=""/>
        <property key="linker-symbols" value=""/>
        <property key="map-file" value="${DISTDIR}/${PROJECTNAME}.${IMAGE_TYPE}.map"/>
        <property key="no-device-startup-code" value="true"/>
        <property key="no-startup-files" value="false"/>
        <property key="oXC32ld-extra-opts" value=""/>
        <property key="optimization-level" value=""/>
        <property key="preprocessor-macros" value=""/>
        <property key="remove-unused-sections" value="true"/>
        <property key="report-memory-usage" value="false"/>
        <property key="serial-length" value=""/>
        <property key="serial-origin" value=""/>
        <property key="stack-size" value=""/>
        <property key="symbol-stripping" value=""/>
        <property key="trace-symbols" value=""/>
        <property key="warn-section-align" value="false"/>
      </C32-LD>
      <C32CPP>
        <property key="additional-warnings" value="false"/>
        <property key="addresss-attribute-use" value="false"/>
        <property key="appendMe" value=""/>
        <property key="check-new" value="false"/>
        <property key="eh-specs" value="true"/>
        <property key="enable-app-io" value="false"/>
        <property key="enable-omit-frame-pointer" value="false"/>
        <property key="enable-symbols" value="true"/>
        <property key="enable-unroll-loops" value="false"/>
        <property key="exceptions" value="true"/>
        <property key="exclude-floating-point" value="false"/>
        <property key="extra-include-directories" value="../src;../src/config/default;../src/packs/ATSAME51J20A_DFP;../src/packs/CMSIS/;../src/packs/CMSIS/CMSIS/Core/Include"/>
        <property key="generate-16-bit-code" value="false"/>
        <property key="generate-micro-compressed-code" value="false"/>
        <property key="isolate-each-function" value="true"/>
        <property key="make-warnings-into-errors" value="false"/>
        <property key="optimization-level" value="-O1"/>
        <property key="place-data-into-section" value="false"/>
        <property key="post-instruction-scheduling" value="default"/>
        <property key="pre-instruction-scheduling" value="default"/>
        <property key="preprocessor-macros" value=""/>
        <property key="rtti" value="true"/>
        <property key="strict-ansi" value="false"/>
        <property key="toplevel-reordering" value=""/>
        <property key="unaligned-access" value=""/>
        <property key="use-cci" value="false"/>
        <property key="use-iar" value="false"/>
        <property key="use-indirect-calls" value="false"/>
      </C32CPP>
      <C32Global>
        <property key="appendMe" value=""/>
        <property key="common-include-directories" value=""/>
        <property key="gp-relative-option" value=""/>
        <property key="legacy-libc" value="false"/>
        <property key="mdtcm" value=""/>
        <property key="mitcm" value=""/>
        <property key="mstacktcm" value="false"/>
        <property key="omit-pack-options" value="1"/>
        <property key="relaxed-math" value="false"/>
        <property key="save-temps" value="false"/>
        <property key="stack-smashing" value=""/>
        <property key="wpo-lto" value="false"/>
      </C32Global>
      <Tool>
        <property key="AutoSelectMemRanges" value="auto"/>
        <property key="arm.use_vtor" value="false"/>
        <property key="arm.vtor_adr" value="exception_table"/>
        <property key="communication.activationmode" value="nohv"/>
        <property key="communication.interface" value="swd"/>
        <property key="communication.speed" value="2.000"/>
        <property key="debugoptions.debug-startup" value="Use system settings"/>
        <property key="debugoptions.reset-behaviour" value="Use system settings"/>
        <property key="debugoptions.useswbreakpoints" value="false"/>
        <property key="firmware.path" value="Press to browse for a specific firmware version"/>
        <property key="firmware.toolpack" value="Press to select which tool pack to use"/>
        <property key="firmware.update.action" value="firmware.update.use.latest"/>
        <property key="freeze.timers" value="false"/>
        <property key="lastid" value=""/>
        <property key="loader.board_file" value="${ProjectDir}/board.xboard"/>
        <property key="memories.aux" value="false"/>
        <property key="memories.bootflash" value="true"/>
        <property key="memories.configurationmemory" value="true"/>
        <property key="memories.configurationmemory2" value="true"/>
        <property key="memories.dataflash" value="true"/>
        <property key="memories.eeprom" value="true"/>
        <property key="memories.exclude.configurationmemory" value="true"/>
        <property key="memories.flashdata" value="true"/>
        <property key="memories.id" value="true"/>
        <property key="memories.instruction.ram.ranges" value="${memories.instruction.ram.ranges}"/>
        <property key="memories.programmemory" value="true"/>
        <property key="memories.programmemory.ranges" value="0-fffff"/>
        <property key="poweroptions.powerenable" value="false"/>
        <property key="programoptions.eraseb4program" value="true"/>
        <property key="programoptions.preservedataflash" value="false"/>
        <property key="programoptions.preservedataflash.ranges" value="${memories.dataflash.default}"/>
        <property key="programoptions.preserveeeprom" value="false"/>
        <property key="programoptions.preserveeeprom.ranges" value=""/>
        <property key="programoptions.preserveprogram.ranges" value=""/>
        <property key="programoptions.preserveprogramrange" value="false"/>
        <property key="programoptions.preserveuserid" value="false"/>
        <property key="programoptions.programuserotp" value="false"/>
        <property key="script.has_reset" value="true"/>
        <property key="script.log_level" value="1"/>
        <property key="script.reset_delay" value="0"/>
        <property key="script.show_output" value="false"/>
        <property key="toolpack.updateoptions" value="toolpack.updateoptions.uselatestoolpack"/>
        <property key="toolpack.updateoptions.packversion" value="Press to select which tool pack to use"/>
        <property key="voltagevalue" value=""/>
        <property key="x.erase.clearprot" value="true"/>
      </Tool>
      <nEdbgTool>
        <property key="AutoSelectMemRanges" value="auto"/>
        <property key="arm.use_vtor" value="false"/>
        <property key="arm.vtor_adr" value="exception_table"/>
        <property key="communication.activationmode" value="nohv"/>
        <property key="communication.interface" value="swd"/>
        <property key="communication.speed" value="2.000"/>
        <property key="debugoptions.debug-startup" value="Use system settings"/>
        <property key="debugoptions.reset-behaviour" value="Use system settings"/>
        <property key="debugoptions.useswbreakpoints" value="false"/>
        <property key="firmware.path" value="Press to browse for a specific firmware version"/>
        <property key="firmware.toolpack" value="Press to select which tool pack to use"/>
        <property key="firmware.update.action" value="firmware.update.use.latest"/>
        <property key="freeze.timers" value="false"/>
        <property key="lastid" value=""/>
        <property key="loader.board_file" value="${ProjectDir}/board.xboard"/>
        <property key="memories.aux" value="false"/>
        <property key="memories.bootflash" value="true"/>
        <property key="memories.configurationmemory" value="true"/>
        <property key="memories.configurationmemory2" value="true"/>
        <property key="memories.dataflash" value="true"/>
        <property key="memories.eeprom" value="true"/>
        <property key="memories.exclude.configurationmemory" value="true"/>
        <property key="memories.flashdata" value="true"/>
        <property key="memories.id" value="true"/>
        <property key="memories.instruction.ram.ranges" value="${memories.instruction.ram.ranges}"/>
        <property key="memories.programmemory" value="true"/>
        <property key="memories.programmemory.ranges" value="0-fffff"/>
        <property key="poweroptions.powerenable" value="false"/>
        <property key="programoptions.eraseb4program" value="true"/>
        <property key="programoptions.preservedataflash" value="false"/>
        <property key="programoptions.preservedataflash.ranges" value="${memories.dataflash.default}"/>
        <property key="programoptions.preserveeeprom" value="false"/>
        <property key="programoptions.preserveeeprom.ranges" value=""/>
        <property key="programoptions.preserveprogram.ranges" value=""/>
        <property key="programoptions.preserveprogramrange" value="false"/>
        <property key="programoptions.preserveuserid" value="false"/>
        <property key="programoptions.programuserotp" value="false"/>
        <property key="script.has_reset" value="true"/>
        <property key="script.log_level" value="1"/>
        <property key="script.reset_delay" value="0"/>
        <property key="script.show_output" value="false"/>
        <property key="toolpack.updateoptions" value="toolpack.updateoptions.uselatestoolpack"/>
        <property key="toolpack.updateoptions.packversion" value="Press to select which tool pack to use"/>
        <property key="voltagevalue" value=""/>
        <property key="x.erase.clearprot" value="true"/>
      </nEdbgTool>
    </conf>
  </confs>
</configurationDescriptor>